0.0200318,0.052856,25,1.64361,208.053,7121.99,64.5996
0.0200045,0.055359,27,0,146.052,4742.33,75.3662
0.0231057,0.072479,29,0.547604,232.969,11926.5,64.5996
0.0284227,0.074219,27,1.1222,166.378,7901.4,43.0664
0.0254901,0.074219,30,0,120.961,7158.53,75.3662
0.0199489,0.068298,25,0,192.121,8704.35,53.833
0.0236802,0.139465,29,0.666793,147.529,11752,161.499
0.0515946,0.23526,48,8.60674,421.34,40283.1,150.732
0.0526486,0.23526,47,0.450006,412.825,32437,96.8994
0.0219529,0.073547,35,0,549.966,8544.1,53.833
0.0231219,0.090912,32,0.215837,168.661,12274.2,86.1328
0.0252713,0.090912,28,0.426044,182.921,9132.73,96.8994
0.0243639,0.084259,25,0,130.307,7804.77,53.833
0.0243878,0.084259,30,0.00477862,93.7298,7457.6,64.5996
0.0572113,0.267975,47,10.9706,339.046,32051.8,129.199
0.0644496,0.267975,46,3.607,563.846,46058.7,86.1328
0.0328893,0.159821,29,0,761.205,9013.98,75.3662
0.0216175,0.075043,25,0,135.783,9469.93,86.1328
0.0257707,0.075043,25,0.806152,182.379,11407.4,139.966
0.0247923,0.082733,23,0,209.888,5686.45,75.3662
0.021167,0.082733,25,0,132.161,9189.71,75.3662
0.0365025,0.19397,38,3.62246,139.549,12278.2,139.966
0.044528,0.19397,41,2.66369,621.077,48798.1,86.1328
0.0304562,0.106049,31,0,618.419,8876.04,86.1328
0.0195963,0.065704,30,0,124.342,6463.32,53.833
0.0262319,0.07785,29,1.24558,197.792,9723.6,107.666
0.0270157,0.07785,24,0.170956,187.39,5845.61,32.2998
0.0214463,0.080719,29,0,184.079,13062.3,107.666
0.0480392,0.288452,42,7.56867,255.853,20422.5,183.032
0.113645,0.370789,42,43.4476,1271.01,86755.5,183.032
0.104943,0.370789,30,0,1186.75,14067.9,86.1328
0.0159621,0.052979,24,0,315.612,5298.48,53.833
0.0100045,0.037079,23,0,104.543,3978.42,10.7666
0.0192547,0.075775,29,1.10859,87.5462,5841.13,32.2998
0.0215412,0.075775,30,0.382084,100.874,5989.12,43.0664
0.0120176,0.040771,25,0,94.0195,6539.25,53.833
0.0183723,0.067413,27,0.791014,87.7934,5207.57,96.8994
0.0187768,0.067413,28,0.061547,144.284,6943.21,53.833
0.0171705,0.063477,29,0,141.734,7195.82,64.5996
0.0202884,0.065186,32,0.478378,96.3884,8658.68,75.3662
0.0292776,0.11084,33,1.82502,153.489,10522.7,96.8994
0.0278694,0.11084,42,0,167.881,7041.08,75.3662
0.0166676,0.044281,39,0,135.725,10655.9,86.1328
0.0407294,0.272369,32,5.65688,305.957,28107.1,183.032
0.121097,0.539795,35,53.2706,1532.89,99925.1,75.3662
0.117316,0.539795,40,0,1441.15,25210.4,183.032
0.0246463,0.102142,35,0,528.247,10040,64.5996
0.00695191,0.033905,26,0,182.87,3615.12,53.833
0.00342272,0.010468,46,0,25.214,3705.66,10.7666
0.00306296,0.011841,51,0,12.8728,4032.34,10.7666
0.00352123,0.011841,38,0.0123591,14.2481,3760.13,21.5332
0.00269089,0.006378,31,0,16.022,3848.18,21.5332
0.00272882,0.00943,26,0.000842173,15.6865,3630.95,10.7666
0.00407406,0.010468,35,0.0374844,13.9344,3749.03,21.5332
0.00512766,0.012543,40,0.0397106,23.0919,3975.55,21.5332
0.00449048,0.012543,40,0,21.1899,3907.89,32.2998
0.00336213,0.008392,34,0,16.016,3864.13,10.7666
0.00380043,0.009766,28,0.012859,18.7766,3681.14,32.2998
0.00471407,0.018341,33,0.0318634,18.1684,4000.86,0
0.0112169,0.034973,27,0.424335,83.5828,5033.08,43.0664
0.011465,0.034973,17,0.0230463,56.536,4454.1,53.833
0.015527,0.057495,25,0.449085,122.795,8247.83,75.3662
0.0175651,0.057495,33,0.276265,107.161,6842.24,53.833
0.0119428,0.040497,31,0,60.918,6699.55,43.0664
0.0156851,0.042053,28,0.423494,93.6266,7794.85,43.0664
0.0159273,0.042053,26,0.0313627,94.8493,5955.8,86.1328
0.0117577,0.040466,25,0,100.45,7868.77,53.833
0.0283848,0.25769,36,2.73389,78.8352,7593.37,43.0664
0.103606,0.364899,49,40.667,1334.51,85075.6,172.266
0.10052,0.364899,43,0,935.762,21691.4,86.1328
0.0104052,0.061859,34,0,488.173,5511.06,10.7666
0.00735183,0.029449,28,0,47.0614,4792.76,21.5332
0.00739122,0.029449,32,0.00237888,41.1526,4007.37,32.2998
0.00385476,0.009491,37,0,29.4026,3727.75,0
0.00367228,0.008942,34,0,21.5851,3988.65,32.2998
0.00354194,0.011383,28,0,19.2244,4113.19,10.7666
0.00699948,0.032715,35,0.149288,21.4302,4176.76,10.7666
0.015343,0.053436,39,0.76356,124.58,7727.88,53.833
0.0161492,0.053436,29,0.103984,89.8244,11079.6,43.0664
0.013554,0.05014,28,0,92.7852,6039.16,86.1328
0.0333871,0.150818,47,3.81332,440.74,43685.6,183.032
0.0333569,0.150818,47,0,347.776,13569.5,96.8994
0.0120257,0.052856,27,0,219.859,7594.79,53.833
0.0163114,0.069183,29,0.497438,101.301,9556.37,118.433
0.024694,0.08017,37,1.40792,156.694,12548.3,139.966
0.0239083,0.08017,48,0,153.118,18300.1,129.199
0.0187465,0.069763,51,0,188.878,9213.36,118.433
0.103574,0.35788,55,42.5007,1110.32,80716.2,172.266
0.104269,0.35788,53,0.591709,749.524,33929.3,86.1328
0.0318277,0.130096,43,0,654.798,14317.7,139.966
0.027567,0.130096,37,0,226.465,18593.9,118.433
0.0102251,0.033447,36,0,266.069,6561.15,96.8994
0.0142154,0.042633,42,0.399463,80.5084,9288.82,107.666
0.01379,0.042633,43,0,92.4665,11583.9,118.433
0.00924961,0.033997,45,0,109.682,7606.25,53.833
0.0112693,0.042725,50,0.169751,65.688,6747.27,118.433
0.0169423,0.054169,51,0.655537,145.615,11487.1,86.1328
0.0193492,0.057281,41,0.357783,112.719,10609.2,96.8994
0.0190103,0.059143,40,0,154.637,11651.1,86.1328
0.0249298,0.085846,54,1.06539,156.219,12214,118.433
0.052098,0.161896,49,8.57172,506.748,33610.5,193.799
0.0523863,0.161896,38,0.12338,372.936,17066.3,118.433
0.0418145,0.122833,35,0,199.804,14445.1,86.1328
0.0780587,0.529083,48,17.7959,509.974,48405.2,129.199
0.139621,0.697662,48,54.8898,1940.93,131996,183.032
0.121665,0.697662,37,0,2208.69,18368.1,161.499
0.0223067,0.067047,43,0,249.395,16030.8,139.966
0.0270241,0.067047,43,0.953182,197.407,15834.1,129.199
0.0388767,0.189117,37,3.19936,161.354,14509.6,53.833
0.12938,0.508911,35,62.3735,817.212,39286.7,161.499
0.166469,0.508911,47,44.944,1561.53,141633,161.499
0.123045,0.495728,54,0,1550.03,60536.9,183.032
0.0599386,0.174438,50,0,741.108,49746.3,161.499
0.0260971,0.075195,41,0,547.929,13025.9,118.433
0.012901,0.059753,37,0,170.186,8908.77,64.5996
0.0208853,0.063904,42,1.10494,151.081,12459.2,118.433
0.0309387,0.089935,40,2.13405,170.483,15710.2,53.833
0.0574992,0.219757,33,9.62132,343.186,23057.9,64.5996
0.0602547,0.219757,32,1.32902,303.46,23071,118.433
0.0542919,0.198181,33,0,326.463,14030.9,107.666
0.0556357,0.198181,36,0.605066,465.631,21979.9,118.433
0.0389827,0.108887,38,0,400.728,14506.4,96.8994
0.0319476,0.114807,44,0,321.337,34589.8,183.032
0.0273721,0.114807,44,0,299.397,12722.8,129.199
0.0213916,0.071472,38,0,122.379,9966.61,107.666
0.0768274,0.409973,37,22.3021,347.019,25171.8,139.966
0.0901235,0.409973,35,9.09224,847.568,63332.8,172.266
0.0664516,0.201691,36,0,873.967,19015.2,172.266
0.0484131,0.189453,33,0,280.951,23540,53.833
0.0275945,0.093781,32,0,412.4,10530.8,53.833
0.0211547,0.087952,44,0,180.608,6196.63,53.833
0.023733,0.081573,49,0.474035,144.364,10780.2,118.433
0.0574979,0.331024,41,11.2343,184.747,18027.1,118.433
0.103085,0.331024,36,29.9848,1195.05,83759.5,172.266
0.0888998,0.330261,39,0,1169.92,16129.8,161.499
0.019743,0.08255,37,0,234.445,12654.5,64.5996
0.0193698,0.08255,32,0,120.509,13153.6,129.199
0.0123514,0.047394,37,0,135.71,7765.12,53.833
0.0179743,0.066498,38,0.698443,97.7393,11322.4,53.833
0.0239399,0.075104,35,1.02419,133.044,13678.1,96.8994
0.0199296,0.075104,35,0,134.936,9366.19,107.666
0.0108687,0.033539,42,0,105.822,6247.4,96.8994
0.00597031,0.016571,40,0,46.0216,5297.65,32.2998
0.00632878,0.023865,39,0.0180584,31.7664,4250.8,43.0664
0.0124286,0.040161,43,0.468647,117.865,10270.2,43.0664
0.0159598,0.040161,35,0.410611,98.7282,6161.7,43.0664
0.0129503,0.029938,29,0,63.9757,6111.24,53.833
0.0748203,0.455475,44,22.2428,327.365,30950.9,118.433
0.112276,0.455475,47,28.7044,1378.68,84424.2,75.3662
0.084967,0.366364,32,0,1375.79,11602,107.666
0.0130088,0.055511,32,0,326.819,4312.18,53.833
0.00396249,0.010956,36,0,32.5875,4166.14,21.5332
0.00510759,0.013672,34,0.0425416,27.1918,3988.84,32.2998
0.00476529,0.013672,41,0,27.6005,4018.58,32.2998
0.00551061,0.017944,39,0.0313703,24.0215,4836.63,32.2998
0.00650204,0.019653,33,0.0487821,38.191,5152.4,53.833
0.00720976,0.031311,35,0.0397481,43.1445,6184.89,53.833
0.00705528,0.031311,30,0,58.904,3938.68,53.833
0.00840768,0.03833,36,0.0856554,33.957,4778.38,107.666
0.0326664,0.154968,38,4.08128,188.702,11839.2,86.1328
0.0517701,0.22348,34,6.60705,306.207,18929.7,129.199
0.0656802,0.235016,37,6.69179,246.177,23540.7,161.499
0.0655169,0.235016,39,0,418.297,20834.8,150.732
0.0517114,0.171722,35,0,358.261,16493,96.8994
0.0497942,0.183289,33,0,261.115,16129,118.433
0.0439204,0.183289,30,0,235.701,10838.4,64.5996
0.0250977,0.090088,27,0,182.913,10787.4,53.833
0.0235596,0.095154,28,0,157.931,8740.71,53.833
0.0275806,0.095154,28,0.842273,128.12,7301.21,96.8994
0.0312939,0.128204,30,0.895474,241.056,18416.3,139.966
0.0290138,0.128204,30,0,243.507,9227.39,118.433
0.023342,0.142029,33,0,100.293,10028.9,53.833
0.0521502,0.238098,36,8.90797,296.015,16843.7,139.966
0.126368,0.384827,38,54.2687,1303.18,90869.4,172.266
0.118224,0.384827,37,0,1034.92,23526.7,86.1328
0.0311552,0.088837,34,0,461.922,13322.7,64.5996
0.0364103,0.106354,37,1.45432,185.754,14810.5,118.433
0.0515001,0.142426,38,5.43356,239.104,17935.8,43.0664
0.0632497,0.198486,38,5.52249,312.781,21874.5,139.966
0.0578948,0.198486,42,0,254.483,23359.4,139.966
0.0407144,0.153656,44,0,366.675,14615.1,107.666
0.0581044,0.205811,44,7.03879,304.316,25879.7,129.199
0.0678206,0.205811,43,5.01152,388.324,34467.6,129.199
0.0559175,0.171356,39,0,445.157,27737.1,129.199
0.0564326,0.133606,42,0.237025,264.178,28030.1,129.199
0.0505727,0.124786,45,0,307.88,25477,118.433
0.0390726,0.109283,47,0,307.815,20413.7,172.266
0.0365556,0.123138,46,0,176.788,15959.4,86.1328
0.0447039,0.136383,40,2.71207,308.826,25550,150.732
0.0895658,0.296478,49,24.6726,703.44,78343.2,172.266
0.100822,0.296478,54,8.77766,735.271,51568.5,183.032
0.062593,0.252258,51,0,804.03,22600.6,118.433
0.0488554,0.172058,54,0,282.194,21223.1,183.032
0.0596869,0.19455,61,4.8156,316.955,29154.3,236.865
0.0563937,0.19455,65,0,364.042,31505.2,269.165
0.0432693,0.150726,54,0,387.892,16200.4,107.666
0.0296278,0.101929,43,0,217.528,12696.8,96.8994
0.0330944,0.101929,49,0.890594,192.583,16349.6,86.1328
0.0409162,0.196686,48,2.37116,267.203,23903.5,161.499
0.0434616,0.196686,42,0.879725,241.739,20657.5,172.266
0.113964,0.405396,46,45.4612,739.232,66243.3,183.032
0.11664,0.405396,40,2.52764,790.779,40148.1,183.032
0.0372922,0.154358,29,0,987.89,5606.66,53.833
0.00616996,0.016815,26,0,93.8507,4019.59,21.5332
0.0045936,0.012085,30,0,20.0219,4001.05,0
0.00495462,0.012573,29,0.0141193,22.1297,3803.54,10.7666
0.00933897,0.034363,27,0.256688,23.5,4251.95,32.2998
0.00933401,0.034363,27,0,68.5461,5301.71,32.2998
0.029564,0.174164,28,3.22317,93.2658,8186.42,64.5996
0.0628621,0.258606,41,12.6059,752.956,38295.1,150.732
0.0722746,0.258606,51,5.21001,446.882,28025.5,193.799
0.0549569,0.181549,53,0,448.401,25699.2,139.966
0.0364802,0.145782,57,0,470.862,32594.5,139.966
0.0274829,0.105743,47,0,263.846,13547.9,129.199
0.0271171,0.092621,42,0,217.615,8281.34,129.199
0.0357497,0.111908,57,2.22291,344.144,23289.2,161.499
0.061013,0.188293,62,10.0129,515.683,55252.2,355.298
0.0823462,0.344025,57,12.5268,489.879,47223,344.531
0.0899501,0.350983,49,5.36624,502.201,34461.9,118.433
0.109512,0.441864,50,15.9821,1149.62,102893,312.231
0.10258,0.441864,54,0,849.525,63500.2,312.231
0.0619351,0.23053,52,0,647.804,41883.7,139.966
0.0534483,0.149384,47,0,479.659,25778.4,129.199
0.0551947,0.180267,40,0.777157,333.435,32546.6,118.433
0.0462129,0.180267,37,0,439.842,19944,107.666
0.0347237,0.12973,41,0,240.574,18273.3,161.499
0.0423086,0.158264,46,2.39324,275.368,31034.9,129.199
0.0405154,0.158264,47,0,227.541,23123.5,118.433
0.0252443,0.085602,42,0,209.575,16795.8,129.199
0.0303199,0.09375,50,1.15515,145.192,17652.6,161.499
0.0317322,0.09375,51,0.358959,344.751,37825.3,107.666
0.0293179,0.09375,39,0,338.481,14673,107.666
0.0261685,0.07959,46,0,203.059,19746.6,172.266
0.0393191,0.133728,51,3.52748,228.915,32779.8,150.732
0.0448015,0.133728,50,1.88899,393.77,31882.6,129.199
0.0411977,0.127655,44,0,377.796,23228.3,161.499
0.037796,0.127655,57,0,218.557,19595.6,161.499
0.0375115,0.108337,56,0,396.163,45651.5,107.666
0.0346152,0.108337,40,0,447.211,13011.5,129.199
0.0209815,0.059143,46,0,201.5,11888.8,107.666
0.0228282,0.075409,46,0.331381,177.144,16176.1,150.732
0.029932,0.09906,38,1.53517,181.534,9131.52,118.433
0.0325665,0.09906,33,0.67442,233.02,14843,86.1328
0.038931,0.247803,39,1.86385,260.805,14594.7,129.199
0.0518155,0.247803,45,4.78915,727.843,59060.9,193.799
0.0456524,0.222778,43,0,644.046,15098,129.199
0.0279343,0.087891,45,0,196.025,11198.5,64.5996
0.031676,0.091309,47,0.913595,204.407,17467.9,161.499
0.0319306,0.091309,41,0.0663352,213.21,15674.8,150.732
0.0301948,0.080963,34,0,169.153,13536.1,107.666
0.0390749,0.256195,49,2.51953,125.39,15421.8,150.732
0.0879038,0.324799,50,25.3962,1080.83,84966.4,183.032
0.0850261,0.324799,34,0,898.071,20429.6,183.032
0.0248729,0.080505,38,0,354.237,9639.38,86.1328
0.0118279,0.048584,41,0,98.6236,7782.27,96.8994
0.0162912,0.066956,34,0.51407,86.3165,8567.43,75.3662
0.0195919,0.066956,34,0.485129,121.692,9557.09,86.1328
0.0169809,0.052246,42,0,117.089,8063.21,107.666
0.0122469,0.041412,38,0,69.6278,8030.41,53.833
0.0108607,0.041809,30,0,74.2291,7520.89,53.833
0.012313,0.041809,35,0.137854,74.403,7821.01,53.833
0.0128649,0.06311,41,0.0569201,79.9052,6677.42,96.8994
0.102597,0.359833,53,42.4368,1190.81,84251.7,183.032
0.104192,0.359833,50,1.35146,810.734,24861.2,86.1328
0.0213262,0.083252,30,0,650.841,5055.73,10.7666
0.00701785,0.024323,28,0,59.6273,4338.09,21.5332
0.00686268,0.025299,38,0,34.5902,4143.24,10.7666
0.0300548,0.166992,42,3.50697,111.329,9230.5,118.433
0.0635587,0.287659,37,12.8468,334.244,18341.4,139.966
0.0675918,0.287659,35,2.16655,214.482,20990.8,96.8994
0.0487212,0.167114,38,0,287.011,16019,129.199
0.0379483,0.167114,38,0,297.906,13317.5,86.1328
0.0256525,0.077118,34,0,149.93,11482.1,96.8994
0.0187508,0.069977,36,0,141.791,10500,107.666
0.0197173,0.069214,39,0.152289,101.69,8209.95,96.8994
0.0174135,0.069214,43,0,155.167,13496.7,96.8994
0.0135279,0.036865,44,0,153.817,8024.56,64.5996
0.0124964,0.033844,44,0,84.9407,9061.25,43.0664
0.0570186,0.297699,52,12.677,358.052,37654.2,129.199
0.0666653,0.297699,46,4.88711,569.091,50670.9,183.032
0.0371567,0.17691,32,0,710.826,11045.4,96.8994
0.0168324,0.059601,44,0,170.012,9350.49,75.3662
0.0230901,0.072662,47,1.02327,190.54,17387.1,150.732
0.025461,0.072662,37,0.47149,185.686,11503.9,86.1328
0.0207482,0.062744,34,0,96.3578,10290.5,96.8994
0.0181649,0.08371,36,0,116.195,9195.82,150.732
0.0392601,0.180023,42,4.96185,559.469,51243.9,129.199
0.0388964,0.180023,40,0,519.184,9555.95,86.1328
0.0128936,0.042206,34,0,171.772,6138.45,53.833
0.0219148,0.099396,33,1.2862,195.443,17485.3,150.732
0.0245715,0.099396,35,0.505852,147.977,11910.6,129.199
0.0201945,0.06131,41,0,121.588,11808.7,64.5996
0.023004,0.06781,41,0.497117,129.082,12149.6,139.966
0.0849479,0.277771,45,27.3898,883.419,74916.1,172.266
0.085704,0.277771,46,0.528505,692.819,21398.4,172.266
0.0218986,0.083252,48,0,451.779,8518.96,53.833
0.0146064,0.05481,49,0,84.068,7942.19,53.833
0.0135233,0.05481,45,0,81.1958,8533.64,118.433
0.0110435,0.031036,45,0,90.814,9204.96,75.3662
0.0170929,0.051453,45,0.697179,95.3592,9929.79,118.433
0.0237986,0.089935,45,1.12314,120.859,13789.2,150.732
0.0279695,0.106049,39,0.884411,193.711,19982.9,139.966
0.027872,0.106049,41,0,180.36,15008.9,161.499
0.0238107,0.077301,39,0,164.045,17560.5,129.199
0.0506517,0.277771,60,8.18646,228.302,28559,139.966
0.0782845,0.277771,59,14.5935,895.913,76017.1,183.032
0.0634035,0.216217,37,0,884.708,18651.8,172.266
0.0202531,0.073029,43,0,251.452,11393.5,129.199
0.0233965,0.075012,39,0.561999,120.225,11638.8,150.732
0.0228512,0.075012,33,0,145.506,15080,150.732
0.0238639,0.081207,36,0.193767,166.677,10664.3,129.199
0.0275007,0.081207,43,0.765147,184.181,13197.5,107.666
0.029311,0.093201,50,0.421268,187.39,16591,161.499
0.0294279,0.093201,45,0.0281122,199.601,14466.4,129.199
0.0293972,0.085052,44,0,164.551,15488.8,129.199
0.0427621,0.160522,55,3.95019,178.358,19573.9,139.966
0.0581267,0.242554,58,6.34926,664.074,66434.5,129.199
0.0640658,0.242554,50,2.97257,554.751,29966.1,301.465
0.0560522,0.202515,49,0,373.614,29731.4,118.433
0.048328,0.161377,54,0,322.477,36988.8,312.231
0.0385024,0.141571,50,0,369.367,27987.2,161.499
0.0232263,0.068787,50,0,326.818,11523,96.8994
0.0292437,0.122803,53,1.29324,134.931,13830.2,107.666
0.0533219,0.207977,59,8.14297,491.333,53616.4,193.799
0.055847,0.207977,59,1.12912,428.707,22472.9,193.799
0.0385523,0.139984,54,0,330.252,18197.1,129.199
0.0358052,0.145935,48,0,191.507,15929.3,107.666
0.0390117,0.145935,40,0.982628,264.244,19951.2,86.1328
0.0459544,0.193512,39,2.4162,249.786,18323.7,172.266
0.0364088,0.193512,39,0,270.976,10905.5,107.666
0.0630401,0.280548,48,10.8481,337.077,41350.6,150.732
0.074653,0.280548,45,6.54956,663.834,49680.2,183.032
0.0419566,0.187836,34,0,886.077,7017.54,86.1328
0.0110292,0.032074,34,0,94.5133,5990.39,53.833
0.0145894,0.068237,35,0.373581,138.343,12074.1,172.266
0.0135939,0.068237,34,0,121.038,6350.85,43.0664
0.0105701,0.041992,30,0,57.8798,6753.85,43.0664
0.0182768,0.102814,32,0.910605,68.6469,5355.93,53.833
0.0296976,0.148254,37,2.24423,344.413,12622.2,86.1328
0.0267707,0.148254,35,0,317.711,5922.06,86.1328
0.0124253,0.038361,33,0,63.836,8818.77,96.8994
0.0631902,0.306854,45,15.723,175.101,19490.8,150.732
0.110125,0.399384,46,33.3189,1350.93,80031.5,183.032
0.0912449,0.399384,29,0,1302.56,9912.71,118.433
0.01149,0.045776,28,0,231.201,4307.7,32.2998
0.00546891,0.016388,34,0,45.9126,4611.56,43.0664
0.00876854,0.025208,32,0.192423,50.0487,6179.96,86.1328
0.0118727,0.035492,28,0.262449,64.8624,6610.44,96.8994
0.0127248,0.039551,32,0.0858451,85.7635,8168.69,86.1328
0.0172103,0.060852,34,0.549993,80.2885,7189.81,96.8994
0.0237274,0.108337,31,1.09278,223.382,16729.5,118.433
0.0222541,0.108337,31,0,222.309,8318.81,118.433
0.0140899,0.038208,35,0,74.6403,8646.43,86.1328
0.0148875,0.040009,36,0.0946606,95.3519,9184.79,96.8994
0.0150671,0.040009,34,0.0220358,109.16,6763.28,118.433
0.0108294,0.034241,31,0,86.4964,7862.82,64.5996
0.0118165,0.046295,32,0.0915541,58.3887,6768.79,53.833
0.104684,0.372711,43,44.3151,859.341,66469.4,172.266
0.110086,0.372711,43,4.75252,710.052,32875,183.032
0.0360728,0.156647,42,0,794.898,9904.69,118.433
0.0144447,0.045837,46,0,107.432,11366.6,86.1328
0.0158777,0.045837,50,0.177984,113.284,13537.8,118.433
0.0173938,0.057159,44,0.206605,122.603,13927.6,107.666
0.019345,0.057159,44,0.293626,154.762,14652.9,86.1328
0.0220922,0.05603,45,0.466264,147.538,12768.7,96.8994
0.0254921,0.066803,37,0.662672,185.037,17371.3,118.433
0.0207019,0.066803,36,0,261.66,7224.47,53.833
0.0111435,0.03067,33,0,73.7682,7503.57,43.0664
0.0381814,0.249054,46,5.46261,138.869,16166,161.499
0.0474461,0.249054,47,3.2494,679.492,53213,129.199
0.0320003,0.145111,31,0,635.767,11175.2,118.433
0.021229,0.066895,27,0,170.054,9529.44,118.433
0.0180868,0.066895,27,0,160.595,13193,118.433
0.0179992,0.076569,27,0,121.314,9054.81,129.199
0.0216328,0.076569,30,0.589846,107.657,11240.3,129.199
0.0479581,0.260864,39,7.50389,186.113,16914.2,172.266
0.113881,0.336456,40,43.6994,1238.52,84179.8,183.032
0.106814,0.336456,37,0,940.524,22334.2,118.433
0.0240976,0.097565,38,0,453.407,10983.6,96.8994
0.00888225,0.029327,36,0,135.971,6633.87,75.3662
0.00651939,0.023407,45,0,56.6547,5347.51,53.833
0.00671109,0.023407,44,0.0103882,36.6076,4851.03,43.0664
0.00884887,0.030487,35,0.136248,50.9804,6624.32,86.1328
0.0129877,0.03952,34,0.370191,46.563,5420.94,64.5996
0.0186711,0.069214,31,0.736984,204.842,12921.4,96.8994
0.0201529,0.069214,33,0.235638,183.431,7712.35,118.433
0.0167725,0.052032,44,0,104.17,11467.6,75.3662
0.0298388,0.202911,61,2.49462,137.231,12941.6,118.433
0.0505333,0.268311,59,6.81272,790.4,63570.8,129.199
0.0434116,0.268311,47,0,739.37,12601.3,118.433
0.0126997,0.036865,44,0,170.074,6822.72,96.8994
0.0166109,0.07843,39,0.469561,146.941,12025.1,139.966
0.0167128,0.07843,31,0.0139173,132.659,6471.65,86.1328
0.0114734,0.038696,28,0,65.9776,7671.77,53.833
0.0131503,0.053375,32,0.169126,78.9351,7160.62,43.0664
0.0439037,0.233246,44,7.18687,639.598,50828.4,129.199
0.0452914,0.233246,41,0.506988,434.908,16713.9,118.433
0.0174063,0.06073,28,0,260.681,6761.47,21.5332
0.0247381,0.10791,32,1.26565,156.581,13817.4,161.499
0.0266745,0.10791,36,0.407759,163.584,12070.4,107.666
0.0164471,0.065216,30,0,188.345,6920.37,86.1328
0.0138693,0.063202,28,0,65.0706,6410.81,43.0664
0.0398744,0.202087,39,5.72461,428.381,37756.1,129.199
0.0406407,0.202087,43,0.252724,266.662,19437.6,129.199
0.0134007,0.057373,32,0,325.354,5969.48,75.3662
0.0173947,0.056274,32,0.503807,79.8571,8824.74,75.3662
0.0186608,0.056274,48,0.186972,122.04,11901.2,161.499
0.0129188,0.035645,44,0,140.702,9290.78,53.833
0.0181978,0.081635,35,0.672828,83.612,10678.6,107.666
0.070215,0.238861,51,18.8375,703.554,64377.7,172.266
0.0741157,0.238861,47,2.306,563.258,27922.1,183.032
0.0291096,0.125793,33,0,595.764,6514.35,75.3662
0.0120063,0.03302,39,0,68.0042,5330.4,53.833
0.0145179,0.042206,44,0.272869,103.171,9051.45,96.8994
0.0149751,0.042206,39,0.0552323,112.889,8791.02,86.1328
0.0188042,0.061218,34,0.529784,113.739,8563.36,64.5996
0.0190627,0.061218,35,0.0400956,91.4773,8511.99,53.833
0.0116959,0.033661,37,0,132.233,5581.23,32.2998
0.0240041,0.07431,42,1.79978,144.952,11075.7,107.666
0.0363933,0.11908,44,3.06494,259.711,18880.8,118.433
0.112085,0.521606,57,46.0336,595.739,61566.1,161.499
0.142552,0.521606,59,31.777,1189.19,72183.3,172.266
0.109238,0.429596,46,0,1077.53,40141.1,183.032
0.0905927,0.237854,42,0,386.149,31585.9,183.032
0.0735443,0.237854,39,0,371.744,29242.8,139.966
0.0286376,0.162292,36,0,534.363,11815.1,53.833
0.0153363,0.068848,26,0,186.443,4626.71,43.0664
0.00488846,0.017395,31,0,55.5358,4138.14,43.0664
0.00412226,0.012024,43,0,19.4901,3786.17,32.2998
0.00426056,0.010101,35,0.00474862,21.2236,4002.59,32.2998
0.00434595,0.011047,25,0.00300991,20.8522,3772.5,0
0.00577593,0.020264,30,0.0592859,30.6609,4250.57,32.2998
0.0125462,0.041718,41,0.508088,95.5324,8124.16,107.666
0.0163909,0.0448,46,0.455706,103.899,11864.9,129.199
0.0204951,0.065033,43,0.620072,128.595,12737.5,139.966
0.0222133,0.065033,53,0.300571,173.912,17220.3,86.1328
0.0313538,0.270721,64,2.00554,158.644,16745.8,172.266
0.10254,0.361938,50,39.0405,1147.13,84448.1,183.032
0.100611,0.361938,33,0,816.628,21028.2,161.499
0.0218033,0.102692,30,0,405.036,9834.79,129.199
0.0103983,0.032349,43,0,96.3945,6754.22,53.833
0.00509702,0.015472,41,0,56.6377,4539.13,43.0664
0.00473218,0.010651,27,0,27.0918,4102.45,10.7666
0.00782111,0.031769,39,0.158828,42.1102,5423.78,32.2998
0.0162836,0.076355,43,0.835526,40.9355,6361.33,53.833
0.0198632,0.076355,36,0.529993,243.165,16482.4,118.433
0.0206296,0.071106,33,0.12711,197.654,10409,75.3662
0.0172315,0.071106,36,0,128.122,8973.98,53.833
0.0477073,0.231323,53,8.10625,378.18,41257.9,172.266
0.0548921,0.231323,52,3.01937,424.276,40420.7,193.799
0.0346096,0.110291,38,0,581.228,11995.4,118.433
0.0339233,0.100769,36,0,207.245,12774.6,118.433
0.043335,0.113251,33,2.97835,235.861,15671.4,150.732
0.0495975,0.125519,32,2.38381,288.069,14660.2,118.433
0.0495311,0.125519,34,0,206.853,15911.4,96.8994
0.0536747,0.230408,39,1.75162,242.24,20281.1,129.199
0.0719225,0.230408,41,9.38753,794.831,68495.2,183.032
0.0596859,0.204712,35,0,792.174,12474.8,86.1328
0.0157673,0.060547,33,0,246.39,7513.8,96.8994
0.0156609,0.053375,34,0,88.6331,7925.34,53.833
0.0138842,0.053375,30,0,131.867,8759.88,64.5996
0.0112906,0.036682,28,0,114.215,6032.16,53.833
0.0135813,0.050262,29,0.233359,46.5356,5992.62,118.433
0.0145127,0.050262,29,0.10718,157.033,12287.2,129.199
0.0149642,0.040314,34,0.0545204,155.244,6694.78,64.5996
0.0141857,0.040314,33,0,89.5905,9467.96,53.833
0.0286879,0.221863,40,2.54674,102.347,8817.86,118.433
0.110008,0.385895,46,46.1976,1209.51,80623.4,183.032
0.107271,0.385895,37,0,802.869,16768.4,86.1328
0.0132214,0.045288,31,0,475.37,5166.88,43.0664
0.0102026,0.026276,34,0,66.8316,7033.13,75.3662
0.012954,0.043762,47,0.260968,84.4861,8469.26,96.8994
0.019883,0.087585,45,0.931952,171.413,13128.6,53.833
0.0190061,0.087585,32,0,162.413,6716.67,53.833
0.010497,0.038208,34,0,79.5732,5313.2,43.0664
0.00975401,0.038208,38,0,52.395,5433.3,75.3662
0.00924617,0.031006,42,0,58.5024,4635.03,53.833
0.0137286,0.057587,41,0.421815,90.0959,7404.77,75.3662
0.0317996,0.224213,46,3.36995,168.559,12403.2,43.0664
0.0557382,0.224213,53,8.58331,784.05,71095,193.799
0.0483903,0.182312,35,0,777.028,9699.71,96.8994
0.0131002,0.03479,35,0,171.254,7260.53,53.833
0.0135884,0.038513,39,0.0533679,72.3771,7561.19,43.0664
0.0128246,0.038513,32,0,69.7567,6254.82,96.8994
0.0152321,0.056915,37,0.276664,70.9484,7844.66,53.833
0.0198436,0.056915,41,0.662534,96.2505,9022.14,107.666
0.0364553,0.139069,46,3.83067,276.576,30187.6,161.499
0.0408572,0.139069,45,1.39394,322.623,30679.2,118.433
0.0307212,0.098236,36,0,358.195,19533.9,172.266
0.0304675,0.088074,45,0,197.224,18945.8,129.199
0.0267205,0.088074,57,0,175.298,20270,129.199
0.0236907,0.074188,45,0,172.77,14195,96.8994
0.0297499,0.08194,33,1.32631,152.966,13957.8,150.732
0.0842639,0.41864,43,25.4581,446.043,40227.8,301.465
0.12223,0.41864,47,32.1118,1079.09,77820.7,183.032
0.0966839,0.303833,52,0,1075.31,28175.5,183.032
0.0418674,0.17157,52,0,366.504,20817.2,129.199
0.032943,0.121521,38,0,264.895,14552.5,118.433
0.0232193,0.077087,42,0,165.299,13990.7,118.433
0.0188012,0.059967,48,0,114.683,12927.5,53.833
0.0152965,0.043732,45,0,92.956,12371.6,107.666
0.0175909,0.06131,36,0.309071,125.147,12310.9,118.433
0.0185679,0.06131,41,0.1447,130.043,12635.8,129.199
0.0154733,0.046112,44,0,108.742,9362.62,129.199
0.0128737,0.050598,40,0,76.6848,8503.51,107.666
0.0283286,0.10907,55,2.60825,271.059,29388.3,129.199
0.0343554,0.10907,53,1.5474,252.847,23622,86.1328
0.0255779,0.066986,47,0,245.521,12287,96.8994
0.0239426,0.101135,48,0,148.653,12241.8,107.666
0.0423895,0.184052,43,5.01196,551.627,45128.6,129.199
0.0407116,0.184052,41,0,545.064,12160.5,118.433
0.0150662,0.048431,38,0,143.966,8848.65,107.666
0.0308849,0.124634,42,2.97733,240.975,24442.6,129.199
0.0338457,0.124634,38,0.785015,268.892,26948.5,118.433
0.0170334,0.068085,34,0,382.083,7196.74,75.3662
0.0130871,0.051086,37,0,86.5021,6937.11,75.3662
0.0282922,0.133148,47,2.57711,383.982,35720.7,129.199
0.0290858,0.133148,43,0.186501,309.994,9959.21,118.433
0.0129154,0.037415,26,0,149.49,6748.08,53.833
0.0215067,0.068939,35,1.21132,138.227,12370.6,139.966
0.024123,0.068939,37,0.488972,154.146,8327.66,96.8994
0.0149543,0.05014,29,0,105.81,7858.46,53.833
0.0157422,0.063446,34,0.0990734,62.3052,7769.94,118.433
0.0905938,0.301544,44,32.6018,1047.14,83008.7,183.032
0.0915167,0.301544,38,0.688423,749.644,17319.5,129.199
0.0195136,0.101776,27,0,468.842,5111.68,53.833
0.00839157,0.025879,40,0,55.4552,5328.31,53.833
0.00994652,0.028168,43,0.116797,67.4875,6551.67,53.833
0.010546,0.028168,32,0.0503189,74.7996,4737.49,43.0664
0.00765062,0.025238,32,0,51.2387,5484.89,10.7666
0.0121772,0.035217,30,0.367624,52.103,6743.78,43.0664
0.0145731,0.035217,28,0.262515,84.6883,6763.51,75.3662
0.011723,0.02655,32,0,81.97,6476.45,43.0664
0.0118719,0.062378,36,0.0143908,62.2766,6511.4,75.3662
0.0354493,0.156311,39,4.56995,331.462,32130.2,161.499
0.0381824,0.156311,36,0.824296,294.29,27723.8,86.1328
0.0177194,0.061951,32,0,397.093,6976.3,86.1328
0.0113876,0.038147,38,0,85.2859,7373.53,53.833
0.0142209,0.038147,35,0.297188,95.1874,9081.36,86.1328
0.012961,0.033081,31,0,111.774,6632.61,43.0664
0.0128769,0.063934,34,0,54.9884,6836.24,86.1328
0.0725987,0.269043,49,20.9091,552.387,54880.9,172.266
0.0816822,0.269043,49,5.74017,624.609,42470.9,183.032
0.0392767,0.151581,37,0,826.391,6289.45,10.7666
0.00933485,0.029083,33,0,83.9962,5613.21,53.833
0.0111231,0.025574,30,0.149844,80.033,7953.76,107.666
0.010183,0.025574,34,0,90.9125,4855.04,21.5332
0.0101614,0.039459,30,0,78.2619,7040.98,43.0664
0.0135291,0.046326,34,0.326787,62.7387,5593,53.833
0.0112251,0.046326,35,0,82.3284,7186.52,32.2998
0.0128893,0.049591,28,0.164372,73.6715,6071.01,75.3662
0.0160143,0.049591,29,0.369975,59.284,6777.35,64.5996
0.0650872,0.312561,42,16.3016,259.69,28514.8,150.732
0.0975041,0.324493,44,21.5888,1027.08,68641.9,183.032
0.0736164,0.324493,32,0,1145.61,7344.29,10.7666
0.00624842,0.017822,26,0,147.799,4304.09,0
0.00355921,0.011353,24,0,23.94,3860.79,0
0.00445742,0.011353,27,0.029494,15.6316,3736.3,21.5332
0.0051325,0.011383,27,0.0265171,21.6752,4173.19,32.2998
0.00486636,0.011383,27,0,20.8848,4046.48,43.0664
0.00600313,0.020477,28,0.0506111,21.5128,4134.55,21.5332
0.00830077,0.020477,32,0.134616,70.7584,6791.83,53.833
0.0111711,0.030884,34,0.228926,64.3866,6790.73,43.0664
0.0133106,0.034332,35,0.21454,47.6634,7116.87,53.833
0.0395004,0.175446,40,5.66523,320.103,32369.8,139.966
0.0418367,0.175446,37,0.778352,295.483,27945.8,86.1328
0.0174542,0.084656,27,0,473.202,4986.18,10.7666
0.0104901,0.030151,28,0,75.6624,6126.55,53.833
0.0112834,0.030151,36,0.0707513,61.4201,5946.94,53.833
0.0115573,0.034485,33,0.0256234,62.5791,7412.03,86.1328
0.0127196,0.059418,30,0.11558,62.0041,6505.79,64.5996
0.0988792,0.421417,39,39.3843,530.711,47822.7,161.499
0.115486,0.421417,40,14.5812,923.594,53417.4,183.032
0.0604302,0.292297,32,0,1165.2,6467.28,64.5996
0.0059261,0.02005,31,0,123.376,4160.74,21.5332
0.00546112,0.021027,39,0,24.7453,4260.09,21.5332
0.00586838,0.021027,41,0.0188991,46.383,5864.61,43.0664
0.00835497,0.031403,34,0.144866,41.6587,5794.63,53.833
0.0100652,0.031616,38,0.129039,48.1399,4598.03,53.833
0.0129401,0.037842,41,0.270896,87.1856,7440.6,75.3662
0.0136186,0.037842,35,0.0738098,62.3733,6130.84,43.0664
0.00964868,0.027466,30,0,64.4476,7556.82,0
0.0127212,0.056763,31,0.281527,69.8448,7643.38,75.3662
0.0208191,0.058807,33,1.1125,152.162,13191.6,150.732
0.0193872,0.058807,32,0,123.002,7578.45,64.5996
0.0125294,0.03656,36,0,95.2289,7528.17,107.666
0.0919149,0.443329,46,33.9614,445.504,45524.4,161.499
0.11729,0.443329,44,21.7439,1012.9,61238.4,183.032
0.0737864,0.330353,33,0,1235.03,7464.14,64.5996
0.00810019,0.031647,37,0,152.556,4781.82,64.5996
0.00446962,0.018768,50,0,26.1278,4754.65,21.5332
0.00424514,0.012512,44,0,34.8808,3829.96,10.7666
0.00471575,0.011993,37,0.0172731,25.71,4071.06,32.2998
0.00499405,0.011993,38,0.0110685,18.6839,4043.69,10.7666
0.0108915,0.041077,34,0.383727,56.5538,6443.52,53.833
0.0167155,0.061066,37,0.658576,130.3,9664.09,53.833
0.0159421,0.061066,33,0,95.1774,8579.86,118.433
0.0191165,0.13678,32,0.455845,89.4765,7938.93,139.966
0.0698121,0.231049,40,18.466,966.286,77733.1,193.799
0.0686311,0.231049,39,0,721.597,18578.8,129.199
0.0131331,0.039337,33,0,369.391,8226.7,86.1328
0.0165396,0.054565,32,0.414027,65.3737,7116.48,96.8994
0.0770105,0.702087,46,23.1713,1497.53,250063,129.199
0.0996325,0.702087,65,16.3676,1162.76,319868,139.966
0.0661617,0.470581,92,0,1665.6,91642.3,139.966
0.0227149,0.078766,82,0,565.158,19290.1,150.732
0.0246173,0.078766,44,0.368813,200.233,24209.2,96.8994
0.0172779,0.056854,39,0,231.395,9334.5,129.199
0.0233061,0.128998,53,1.00209,118.558,14423.2,172.266
0.0400204,0.174469,61,4.33544,640.313,63644.9,193.799
0.0415742,0.187195,64,0.519311,542.122,31185.1,172.266
0.0302145,0.187195,74,0,500.66,96088,118.433
0.0352903,0.108978,70,1.36187,440.115,44810.9,139.966
0.0345979,0.108978,76,0,311.453,52206.5,129.199
0.0192863,0.065826,70,0,291.35,30139.9,172.266
0.036309,0.263275,68,3.87639,163.846,23012.2,129.199
0.106022,0.330475,64,40.6414,1175.27,89952.4,183.032
0.114798,0.330475,72,7.93824,1320.63,258853,183.032
0.0615758,0.282104,92,0,1115.32,127994,139.966
0.0549466,0.414215,72,0,579.477,45485.6,183.032
0.0646187,0.414215,66,4.73682,1157.56,147327,150.732
0.045183,0.228058,50,0,1232.82,30818,172.266
0.017498,0.054474,29,0,354.397,7135.77,75.3662
0.0158723,0.055481,31,0,138.189,11599.3,161.499
0.0184507,0.085358,42,0.36249,132.865,7846.72,150.732
0.0190373,0.085358,49,0.0900791,241.043,33578.6,161.499
0.0231888,0.10321,64,0.718024,190.85,21766.5,172.266
0.0692686,0.259796,66,17.4507,851.493,78694.3,183.032
0.0689862,0.259796,74,0,710.737,33602.1,183.032
0.022316,0.088776,81,0,419.202,41070.6,172.266
0.02952,0.132202,69,1.52955,392.525,83949.9,183.032
0.0282053,0.132202,67,0,411.92,27553.9,139.966
0.0156846,0.056152,57,0,222.587,15549.4,129.199
0.0139012,0.056152,57,0,90.4567,15742.1,107.666
0.0142418,0.046021,47,0.0392578,109.22,10930.3,150.732
0.0157566,0.048981,34,0.186131,109.839,6731.57,118.433
0.0170692,0.052399,34,0.17648,100.615,8590.87,53.833
0.020405,0.053284,35,0.512033,118.431,10647.2,96.8994
0.0587093,0.261292,51,12.4126,638.938,63154.4,172.266
0.0589068,0.261292,51,0.0951567,572.094,24189,193.799
0.0178094,0.07431,35,0,494.744,6634.97,21.5332
0.0121891,0.061676,36,0,52.2316,5392.73,43.0664
0.0123809,0.061676,34,0.0193046,190.119,14287.9,96.8994
0.011689,0.030792,30,0,209.818,4986.26,53.833
0.0126901,0.031525,32,0.0999616,76.266,6651.16,75.3662
0.0162916,0.052429,34,0.427533,93.3589,9049.91,118.433
0.0216488,0.058533,42,0.832527,149.612,19438.7,150.732
0.0201472,0.058533,40,0,167.045,8264.78,64.5996
0.0145889,0.056915,40,0,117.463,6063.52,43.0664
0.0207815,0.056915,38,0.897174,212.494,13496.8,118.433
0.0214714,0.056763,27,0.119393,168.021,7214.71,96.8994
0.0138766,0.040344,28,0,101.743,7262.69,75.3662
0.0743246,0.362946,42,21.8382,246.965,27990.3,129.199
0.118972,0.417969,44,35.3493,1277.69,75440.8,183.032
0.0940653,0.417969,32,0,1331.67,8875.92,75.3662
0.0126846,0.045349,26,0,211.823,4131.89,21.5332
0.00398176,0.011841,25,0,27.0985,3932.56,21.5332
0.00458886,0.011841,32,0.0213124,17.4456,3951.76,21.5332
0.00445531,0.010162,35,0,19.1691,4069.26,0
0.00419422,0.010956,45,0,20.2184,4027.03,10.7666
0.0661854,0.542175,77,17.8705,1807.91,240056,226.099
0.0764747,0.542175,101,6.01239,761.372,174532,441.431
0.0472341,0.192902,113,0,892.521,84500.1,172.266
0.0307704,0.153748,124,0,395.809,68833.3,226.099
0.0320544,0.143372,100,0.330389,368.634,35790.2,150.732
0.0338099,0.143372,49,0.473621,377.847,28642.4,129.199
0.0184966,0.08075,29,0,413.261,7581.36,53.833
0.0523287,0.351929,58,9.81473,635.579,81174.4,150.732
0.0562604,0.351929,118,1.74872,568.701,126786,183.032
0.0470503,0.279022,135,0,921.377,217346,236.865
0.0476104,0.279022,115,0.217151,719.768,89759.2,172.266
0.108291,0.402527,101,38.7486,618.369,90434.1,172.266
0.124632,0.402527,81,15.5904,1331.89,206795,183.032
0.0679603,0.262512,73,0,1393.77,76335.7,183.032
0.021521,0.115662,65,0,590.49,26706.2,215.332
0.0330831,0.237549,68,2.58596,134.268,27831.6,312.231
0.0335037,0.237549,66,0.114709,614.374,98045.5,247.632
0.0661122,0.683899,67,13.3051,651.219,25939.8,172.266
0.0925385,0.683899,86,17.1727,3000.3,505950,226.099
0.0716471,0.527039,100,0,1949.08,171796,172.266
0.0307534,0.121185,87,0,1004.62,40652.2,172.266
0.017593,0.080994,52,0,301.931,11838.8,118.433
0.0149219,0.0513,31,0,87.799,8060.45,86.1328
0.0249805,0.08905,40,1.64398,252.188,25036.2,129.199
0.0268784,0.08905,65,0.403148,249.868,28771,183.032
0.0160738,0.061432,83,0,246.295,16321.4,129.199
0.0169106,0.064941,70,0.113051,178.049,19132.3,139.966
0.0188358,0.064941,50,0.281887,168.128,9305.38,118.433
0.0180348,0.040131,39,0,105.037,9978.92,96.8994
0.041673,0.323547,35,5.78105,95.1499,11377.8,129.199
0.12268,0.438354,38,54.5334,1422.59,93771,183.032
0.116914,0.438354,37,0,1065.91,20845.5,161.499
0.0127906,0.046722,63,0,459.81,11168.1,118.433
0.00578973,0.021088,72,0,58.9977,9249.3,75.3662
0.0064638,0.023712,58,0.0338319,46.0421,6786.56,107.666
0.00743439,0.030243,43,0.0552528,40.9804,5091.32,32.2998
0.00952345,0.033447,32,0.145104,78.7506,7583.72,43.0664
0.0115927,0.033447,33,0.178969,69.7167,6093.36,53.833
0.0106216,0.032928,43,0,82.065,7595.58,96.8994
0.010736,0.035614,45,0.0100084,85.8023,5360.09,32.2998
0.0107236,0.035614,34,0,54.2528,8947.78,53.833
0.017834,0.063049,34,0.831717,107.834,11071.5,129.199
0.021067,0.063049,34,0.515139,152.027,8517.77,129.199
0.0163711,0.054474,28,0,122.175,7765.66,75.3662
0.0148418,0.06897,32,0,89.0119,8563.9,118.433
0.0667333,0.245941,49,17.3386,788.596,65585.7,183.032
0.0691039,0.245941,46,1.31898,680.796,16448.8,86.1328
0.0218502,0.110321,31,0,414.66,6376.12,75.3662
0.0190407,0.09259,27,0,114.768,10380.8,150.732
0.0197503,0.09259,29,0.112749,95.1989,10917.7,86.1328
0.0136049,0.04425,32,0,148.191,7501.81,53.833
0.0164624,0.06131,34,0.35192,74.7424,7294.69,43.0664
0.0372401,0.180176,46,4.57039,410.195,35928.3,161.499
0.0396263,0.180176,43,0.751254,258.823,20809.5,129.199
0.020406,0.072418,32,0,344.858,8027.99,86.1328
0.0173202,0.053192,39,0,96.0281,9605.25,150.732
0.0233776,0.060211,48,1.00976,179.114,21536.8,161.499
0.0200429,0.060211,42,0,191.928,8879.68,118.433
0.01247,0.07254,36,0,117.648,6285.43,43.0664
0.0222153,0.07254,34,1.38453,213.451,14178.1,139.966
0.0230073,0.05838,26,0.146696,180.834,7474.61,64.5996
0.0135893,0.039337,28,0,127.471,5161.04,43.0664
0.0530134,0.312683,57,10.7551,279.866,27771.6,183.032
0.0679177,0.312683,58,7.38258,882.731,65983.7,172.266
0.0446398,0.185791,34,0,1008.67,7200.59,64.5996
0.0125092,0.036407,34,0,112.564,6080.93,43.0664
0.0156311,0.058838,32,0.359836,154.235,12232,150.732
0.0157268,0.058838,28,0.0122908,137.45,6369.65,64.5996
0.0121868,0.034027,29,0,74.098,6988.63,75.3662
0.0384457,0.444733,37,5.44585,58.3687,7968.67,75.3662
0.0553296,0.444733,83,6.48516,1711.11,229823,258.398
0.0454261,0.255432,138,0,1386.87,57930.3,172.266
0.0213062,0.080048,129,0,334.047,41997.5,129.199
0.0234636,0.132843,103,0.395617,271.366,44510,172.266
0.0275176,0.132843,68,0.846546,304.875,61142.8,129.199
0.0182358,0.078491,48,0,474.559,8154.88,129.199
0.0223503,0.162476,63,0.683994,110.151,12624.4,118.433
0.0398844,0.162476,78,4.46968,745.191,81950.1,96.8994
0.0373165,0.141998,80,0,479.242,64409.6,172.266
0.0488785,0.407257,73,4.08201,507.022,21869.5,118.433
0.0599271,0.407257,88,4.92401,1315.48,121980,226.099
0.0451002,0.216003,80,0,1093.53,36946.4,312.231
0.0260591,0.119751,75,0,316.351,24583.5,161.499
0.020704,0.107056,83,0,183.303,20041.5,150.732
0.0404141,0.143951,60,4.93421,529.925,51675.2,193.799
0.0378345,0.143951,51,0,522.21,12283.7,129.199
0.014941,0.052582,69,0,286.151,29523.6,118.433
0.0194407,0.066986,56,0.633693,218.954,18006,172.266
0.0199579,0.066986,36,0.083455,148.183,9393.15,129.199
0.014562,0.041168,50,0,101.068,12874.8,118.433
0.0336542,0.237427,52,3.77059,128.826,19363.3,129.199
0.0791046,0.310822,51,20.9917,1221.66,130511,183.032
0.0737428,0.310822,70,0,922.416,35776.3,183.032
0.0189362,0.063354,69,0,371.484,25218.5,129.199
0.0201184,0.082245,44,0.189115,211.838,15184.8,161.499
0.0189596,0.082245,33,0,166.594,6921.4,75.3662
0.0110764,0.036224,49,0,83.7402,9586.04,107.666
0.0140954,0.064911,65,0.311263,135.298,16670.1,150.732
0.0273549,0.118561,62,2.25121,290.19,25290.5,161.499
0.0271986,0.118561,45,0,239.904,10713,86.1328
0.0165739,0.054016,44,0,168.669,8436.66,118.433
0.0559785,0.229095,60,11.71,374.744,37827.9,204.565
0.0713443,0.229095,59,8.01349,816.064,72204.9,183.032
0.0466356,0.172852,47,0,938.995,15455,193.799
0.0167917,0.054016,56,0,201.968,11042,129.199
0.0157107,0.054016,52,0,168.081,13671.3,75.3662
0.013563,0.037445,31,0,173.482,6273.69,10.7666
0.0142789,0.036194,30,0.0816437,90.9439,8482.93,75.3662
0.0422322,0.224792,40,6.47034,167.022,19114.2,161.499
0.0640926,0.224792,42,9.52034,784.15,56411.6,183.032
0.0509295,0.205566,34,0,752.332,10253.1,118.433
0.015257,0.046631,29,0,177.548,6168.72,75.3662
0.0641197,0.545044,39,15.8866,876.793,72470.6,129.199
0.0656902,0.545044,47,0.834997,296.271,66306.1,129.199
0.0193383,0.059845,36,0,828.836,10411.9,129.199
0.0200361,0.148773,33,0.112549,98.5768,8494.18,118.433
0.053229,0.173401,41,9.96101,714.976,54370.6,193.799
0.0522045,0.173401,41,0,542.024,13087.6,118.433
0.0151148,0.050415,30,0,265.745,6327.95,75.3662
0.0139656,0.040253,29,0,133.217,10760.3,75.3662
0.013851,0.040253,27,0,123.668,5290.55,32.2998
0.0138868,0.040253,25,0.0040592,93.4812,7837.25,43.0664
0.0165029,0.076324,47,0.325641,82.4124,7714.65,118.433
0.0593941,0.230316,64,13.3338,709.109,61593.3,183.032
0.0626272,0.230316,48,1.61593,615.036,20898.1,86.1328
0.0241857,0.124084,32,0,439.565,7708.56,43.0664
0.0172832,0.083649,34,0,107.279,8792.48,107.666
0.0174084,0.083649,29,0.017791,120.936,9564.66,86.1328
0.0123653,0.037842,27,0,136.018,6360.47,53.833
0.0121693,0.050201,44,0,53.795,7331.78,64.5996
0.0280632,0.109802,58,2.61919,276.617,27695.2,129.199
0.0303839,0.109802,45,0.555587,205.428,23157.5,118.433
0.0173354,0.063843,27,0,314.319,7065.76,107.666
0.0175389,0.053589,32,0.0290647,104.518,8912.27,161.499
0.0191293,0.053589,34,0.238872,116.972,10586.8,129.199
0.016574,0.048523,26,0,105.05,8397.17,75.3662
0.0127739,0.070618,38,0,122.225,5740.48,43.0664
0.0206797,0.070618,44,1.0833,233.387,15252.8,118.433
0.0236109,0.060028,28,0.531764,192.337,7445.65,64.5996
0.0526321,0.510803,37,9.06308,199.377,23737.3,129.199
0.0924307,0.510803,81,23.6474,2112.07,264079,226.099
0.100788,0.393372,72,6.6139,1698.68,120123,183.032
0.0670881,0.297028,70,0,1201.66,57512.1,183.032
0.0179453,0.120361,110,0,381.372,19838,107.666
0.00595056,0.019653,101,0,126.043,7318.26,107.666
0.0167157,0.060638,75,0.99945,138.875,14834.2,118.433
0.01885,0.060638,60,0.310914,140.641,15965,172.266
0.0103627,0.051178,52,0,136.069,12079.6,107.666
0.0270772,0.145325,73,2.56324,461.88,142909,226.099
0.0316405,0.145325,85,1.0975,424.23,139067,226.099
0.0426929,0.327209,66,3.36512,747.974,103742,301.465
0.0426307,0.327209,57,0,770.249,30378,161.499
0.0231152,0.071838,44,0,260.874,12913,172.266
0.0212532,0.063782,46,0,246.956,29533.8,150.732
0.0297232,0.143524,51,1.76853,256.745,10302.1,172.266
0.0832376,0.362579,51,24.7605,986.099,86139.2,183.032
0.0798931,0.362579,45,0,677.589,30536.9,183.032
0.0130957,0.042877,39,0,670.125,5239.26,10.7666
0.00674087,0.019836,34,0,67.5303,4268.02,43.0664
0.00538791,0.018555,47,0,38.9554,5203.71,10.7666
0.182984,0.575958,49,137.028,685.916,14809.7,86.1328
0.19696,0.575958,23,21.7502,857.634,22866.1,75.3662
0.0852732,0.230774,44,0,1201.12,70415.7,53.833
0.0481372,0.212524,54,0,527.303,43424.6,96.8994
0.0229476,0.069946,38,0,319.214,10760.4,86.1328
0.0221036,0.07309,48,0,173.195,14903.6,129.199
0.0274308,0.077698,60,1.08085,218.297,26683.3,86.1328
0.0338516,0.133698,60,1.61171,285.864,22271.2,161.499
0.0297858,0.133698,74,0,335.286,28332.6,129.199
0.0290483,0.111816,98,0,226.336,29100.1,139.966
0.0335471,0.111816,71,1.15345,391.777,43907.6,96.8994
0.0217612,0.094177,33,0,484.201,6601.61,75.3662
0.0122367,0.061188,35,0,92.5242,5513.62,43.0664
0.0185464,0.064758,35,0.795576,216.206,14829.2,86.1328
0.0185309,0.064758,32,0,178.587,8157.89,75.3662
0.0153332,0.037292,32,0,127.295,7444.86,86.1328
0.0479857,0.229889,39,8.46859,281.797,24960.7,150.732
0.0566646,0.229889,41,3.7202,605.712,49017.8,183.032
0.0326632,0.147797,33,0,761.665,9151.38,107.666
0.0138954,0.096924,36,0,105.975,6795.56,53.833
0.0163936,0.096924,35,0.309946,243.273,16615.9,129.199
0.0164086,0.049255,29,0.00201666,236.311,5552.3,75.3662
0.0151085,0.049255,34,0,85.4171,8130.67,53.833
0.0329167,0.186188,47,3.50308,147.829,14823.6,172.266
0.0453508,0.186188,48,3.98615,633.759,49339,183.032
0.0379194,0.147675,35,0,570.816,13075.8,96.8994
0.0212311,0.075409,35,0,222.325,5615.05,53.833
0.0108826,0.050385,67,0,128.141,13905.7,118.433
0.0147361,0.049805,66,0.40436,118.205,7755.01,129.199
0.0152135,0.049805,40,0.058569,84.4198,8304.45,75.3662
0.0350582,0.240448,53,4.08628,148.873,14314.7,150.732
0.060964,0.240448,53,10.1889,840.941,66365.6,183.032
0.0518604,0.191132,36,0,721.602,12921.8,183.032
0.0147217,0.039642,35,0,221.334,8823.95,64.5996
0.0250017,0.120331,36,1.67263,212.842,18345.1,161.499
0.0250419,0.120331,28,0.00824308,184.13,8975.01,86.1328
0.0140503,0.039368,27,0,123.068,7162.57,75.3662
0.01658,0.063904,33,0.317382,81.8423,7202.67,86.1328
0.0279721,0.10437,45,2.07888,383.787,36495.8,193.799
0.0262263,0.10437,40,0,346.038,9469.27,75.3662
0.00980926,0.026489,30,0,166.648,5011.15,10.7666
0.0135199,0.051605,38,0.354577,160.583,12531.8,139.966
0.0160827,0.051605,34,0.31074,143.485,5465.18,75.3662
0.0170705,0.067566,33,0.134143,115.992,8916.48,75.3662
0.0202905,0.096466,42,0.492762,109.725,9297.69,118.433
0.0697346,0.343567,48,18.2321,993.494,81790.2,183.032
0.07029,0.343567,41,0.318552,835.956,15907.4,86.1328
0.0189552,0.080078,31,0,379.276,5996.19,75.3662
0.0135247,0.074493,37,0,45.9556,6127.17,75.3662
0.0141877,0.074493,32,0.0752497,184.724,14759.2,129.199
0.0165634,0.055084,24,0.299237,161.263,9614.24,96.8994
0.0186117,0.055084,35,0.295117,95.2129,8220.67,107.666
0.0351653,0.122345,38,3.64626,176.183,15852.7,129.199
0.0422799,0.122345,40,2.25686,343.487,27093.9,139.966
0.0645844,0.411011,44,9.76302,433.359,43970.7,161.499
0.0789667,0.411011,40,8.45662,556.232,58129,139.966
0.0781386,0.259186,35,0,793.559,59995.4,150.732
0.0596405,0.259186,34,0,704.672,15741.3,118.433
0.0212388,0.059204,35,0,237.161,11891.2,107.666
0.0227974,0.073608,40,0.281133,169.458,15405.5,139.966
0.0247091,0.073608,40,0.37199,158.565,10524.8,129.199
0.0297114,0.080505,31,1.11505,158.899,12304.5,96.8994
0.0368822,0.109833,33,1.95594,154.174,13931.4,139.966
0.0927869,0.335846,44,29.6923,957.153,73115.5,172.266
0.097961,0.335846,47,4.04257,798.228,33554.6,129.199
0.0584141,0.151398,41,0,689.732,19487.5,150.732
0.0591219,0.152344,42,0.340717,315.795,23876.1,161.499
0.0662922,0.172516,38,3.68336,404.775,34336.1,183.032
0.0576119,0.172516,32,0,395.087,19793,107.666
0.0357466,0.103546,33,0,214.63,16714.8,86.1328
0.0378778,0.122559,47,0.642703,310.197,32546.1,161.499
0.040616,0.122559,53,0.880339,341.397,25264.9,118.433
0.0313553,0.097229,44,0,305.034,16485.1,107.666
0.0258222,0.072968,39,0,196.773,10451.1,139.966
0.0339386,0.09317,34,1.98673,173.537,12836.5,86.1328
0.0425293,0.095734,33,2.69073,219.536,15178.2,118.433
0.0403684,0.10614,40,0,210.744,19818.2,96.8994
0.0771066,0.40451,51,17.6776,649.808,66872.9,172.266
0.0806531,0.40451,45,2.29164,636.996,39285.8,183.032
0.0372532,0.138489,40,0,636.519,16894.2,129.199
0.0216431,0.066193,56,0,127.754,18083.6,107.666
0.0210535,0.062744,53,0,158.631,17566.1,183.032
0.0175799,0.050476,47,0,160.784,10637.9,53.833
0.0124491,0.040344,48,0,87.7693,9311.12,96.8994
0.0196101,0.073975,39,0.940346,144.408,13497.3,183.032
0.0253283,0.085693,36,1.05253,116.368,11789.6,129.199
0.0219378,0.085693,35,0,129.464,12444.9,118.433
0.0186528,0.065399,38,0,135.104,11785,53.833
0.030434,0.083435,35,2.36873,235.938,19318,150.732
0.0814202,0.33255,33,23.3596,264.141,19201.3,183.032
0.0845959,0.33255,34,2.15952,965.281,56945.3,161.499
0.0700245,0.369873,49,0,997.633,36156.3,161.499
0.0778324,0.369873,51,4.72867,724.634,62210.6,183.032
0.049941,0.225922,36,0,982.978,7694.3,75.3662
0.0102541,0.033417,34,0,132.594,5848.61,53.833
0.0224353,0.094086,32,1.631,73.4273,7064.5,53.833
0.0389329,0.193878,32,4.14692,275.73,16079.9,75.3662
0.0545745,0.225403,31,5.99083,427.988,30436.5,107.666
0.0496981,0.225403,37,0,388.366,17082.2,96.8994
0.0248588,0.118958,45,0,277.354,8947.4,139.966
0.0286059,0.131073,47,0.820571,112.631,9423.17,129.199
0.0512547,0.1698,40,7.40865,357.741,21500.6,96.8994
0.135558,0.544983,43,64.5071,985.773,68670.7,161.499
0.151746,0.544983,49,19.0503,1042.75,86361.1,193.799
0.105013,0.369873,48,0,1267.64,32842.2,193.799
0.0708863,0.339752,41,0,462.775,20050.8,86.1328
0.0261465,0.094452,29,0,405.48,14366.7,139.966
0.0281518,0.105865,34,0.445998,169.321,8878.58,86.1328
0.0457127,0.140198,39,5.31303,255.773,16285.4,107.666
0.108967,0.422882,44,40.0763,662.702,42575.1,236.865
0.141906,0.422882,50,33.8472,1175.37,80430.6,183.032
0.147256,0.449432,48,6.33575,1119.58,56360.9,193.799
0.158065,0.449432,39,13.5184,796.793,48772.6,172.266
0.12805,0.366821,32,0,637.649,39954.3,161.499
0.0768863,0.212097,32,0,556.72,21528.9,150.732
0.0865785,0.240356,36,6.48944,464.47,29829.5,172.266
0.0799602,0.240356,35,0,521.301,28416.6,150.732
0.0579544,0.144806,30,0,346.327,23616.8,129.199
0.0545337,0.144806,31,0,380.611,20291.6,150.732
0.0586019,0.160767,30,1.88518,273.527,20739.6,150.732
0.0741099,0.214905,39,8.42996,537.391,49063.3,161.499
0.0667412,0.214905,40,0,521.811,30809.1,118.433
0.0393213,0.140228,31,0,495.741,14216.6,53.833
0.0216903,0.056976,35,0,208.786,14095.7,107.666
0.0209033,0.056976,38,0,109.851,11200.9,118.433
0.0199739,0.056885,33,0,126.668,10621.4,96.8994
0.0232469,0.07605,34,0.579423,120.499,10766.9,118.433
0.0717404,0.297882,48,18.8672,716.138,64374.8,172.266
0.074031,0.297882,43,1.36771,621.506,30146.9,183.032
0.0299697,0.090027,34,0,562.475,12194,107.666
0.0338569,0.083038,37,1.01626,201.078,16980.3,96.8994
0.0359464,0.083038,31,0.597398,178.411,21063.4,161.499
0.0304187,0.085724,35,0,176.568,18506,139.966
0.0304624,0.085724,41,0.0109074,210.227,17898,107.666
0.0263346,0.082153,46,0,245.396,19379.8,172.266
0.0245343,0.078033,44,0,200.892,12680.3,129.199
0.0233892,0.078033,43,0,109.174,11832.4,86.1328
0.0219733,0.086182,53,0,141.728,15201,118.433
0.0245448,0.086182,52,0.489965,197.853,18000.9,161.499
0.0234571,0.070496,44,0,161.452,16831.1,53.833
0.0193688,0.054321,42,0,166.967,12551.7,129.199
0.0455322,0.183441,46,6.95515,347.482,38871,183.032
0.046813,0.183441,40,0.484446,371.348,28023.1,183.032
0.0175584,0.084015,35,0,499.804,5330.59,10.7666
0.0116362,0.046021,39,0,70.2939,6412.17,21.5332
0.0150765,0.047668,33,0.376424,124.426,11158.5,96.8994
0.0141951,0.047668,38,0,122.714,8853.98,107.666
0.0166436,0.074432,48,0.309277,100.464,11013.6,107.666
0.0714948,0.275635,50,19.8021,588.333,55559.9,183.032
0.0782279,0.275635,54,4.12917,616.687,40054,183.032
0.042033,0.150635,56,0,619.965,22281.3,172.266
0.0302458,0.11554,56,0,206.439,22837.9,118.433
0.0213896,0.070465,50,0,232.579,17025.1,107.666
0.0180128,0.058411,44,0,163.066,12490.9,118.433
0.0188069,0.093719,44,0.119766,114.304,10569,86.1328
0.0424308,0.161743,49,5.92558,281.471,32166.2,150.732
0.0449081,0.161743,43,0.886232,347.438,29452.6,172.266
0.0233991,0.063141,39,0,407.858,11266.6,96.8994
0.0202137,0.057526,50,0,142.067,12166.7,129.199
0.0179188,0.054016,52,0,136.178,14750.8,150.732
0.0129105,0.041779,37,0,131.524,8919.89,53.833
0.0112006,0.030029,28,0,78.1337,7128.37,64.5996
0.0512331,0.243011,47,10.2374,348.663,33080.6,161.499
0.0609739,0.243011,49,4.4769,572.15,45538.8,183.032
0.0356202,0.190674,33,0,756.227,7513.29,86.1328
0.015048,0.066467,38,0,91.5533,5805.01,86.1328
0.0135742,0.066467,38,0,183.155,12761.1,75.3662
0.0130949,0.041595,32,0,193.962,4926.63,10.7666
0.0136483,0.039978,33,0.0606194,92.9812,8585.32,75.3662
0.0198625,0.096619,40,0.852961,119.04,11148.7,161.499
0.0262643,0.096619,36,1.20953,317.574,31290.9,161.499
0.0208708,0.082581,32,0,345.087,6009.97,75.3662
0.0132152,0.075836,40,0,93.6262,5603.97,43.0664
0.0149966,0.075836,42,0.205858,250.297,20983.5,118.433
0.0334114,0.156738,42,3.65126,338.665,21782.7,107.666
0.0558517,0.213531,41,8.20467,301.142,23734.4,129.199
0.0650537,0.213531,45,4.55706,516.664,43837.1,150.732
0.0571425,0.169312,46,0,596.01,49256.9,107.666
0.0370239,0.169312,41,0,563.069,16579.5,118.433
0.0181141,0.064728,40,0,207.549,9916.13,107.666
0.011722,0.064728,31,0,113.797,11493.2,64.5996
0.0114942,0.034363,26,0,134.331,5958.74,75.3662
0.0131817,0.036102,32,0.170561,59.2537,6690.32,64.5996
0.0532354,0.330475,50,10.8964,287.83,27240.7,172.266
0.0629146,0.330475,48,4.60488,763.591,58586.1,172.266
0.0358924,0.155273,31,0,928.218,6703.24,75.3662
0.011452,0.034393,33,0,96.4064,5783.96,53.833
0.0108386,0.061798,35,0,112.859,10266.6,129.199
0.0101128,0.061798,37,0,137.938,4475.82,10.7666
0.0128377,0.036194,32,0.256157,93.0504,7167.66,0
0.0168445,0.047333,27,0.487138,58.4564,7259.93,86.1328
0.0179109,0.055328,30,0.15181,117.667,10411.5,118.433
0.0172168,0.055328,31,0,106.398,8392.12,75.3662
0.0137715,0.043213,32,0,110.224,7304.77,86.1328
0.0165184,0.067322,35,0.340804,216.625,17635.6,129.199
0.0209893,0.067322,31,0.686864,229.817,9533.07,64.5996
0.0166627,0.065277,27,0,141.503,5409.88,53.833
0.0182373,0.088531,39,0.225091,105.465,9502.11,150.732
0.0316775,0.123199,46,2.74785,459.657,40557.1,183.032
0.02768,0.123199,35,0,452.689,7003.35,75.3662
0.00876094,0.024536,29,0,116.906,4884.43,64.5996
0.0116828,0.058929,31,0.244673,172.781,12904.4,129.199
0.0185554,0.075165,28,0.851201,160.624,8666.2,75.3662
0.019278,0.075165,27,0.111991,130.978,7626.56,86.1328
0.0415401,0.239166,42,5.54572,142.067,15372.1,161.499
0.0593148,0.239166,44,7.34278,799.302,57306.3,183.032
0.0455187,0.159424,43,0,799.173,8301.13,86.1328
0.0153556,0.049408,42,0,157.349,5201.81,53.833
0.0123253,0.0448,35,0,131.804,9787.56,129.199
0.0112722,0.0448,34,0,108.496,5357.17,64.5996
0.0108015,0.032593,30,0,55.1479,6056.43,43.0664
0.017173,0.083954,45,0.730061,111.131,10395.9,118.433
0.0248185,0.083954,48,1.31501,298.189,30441.3,193.799
0.0199471,0.070221,33,0,318.919,6574.05,64.5996
0.0106239,0.060303,31,0,105.075,5143.4,64.5996
0.0135661,0.060303,31,0.291525,175.55,13323.7,129.199
0.0173795,0.071808,34,0.483356,153.674,8805.52,75.3662
0.0188835,0.071808,34,0.223401,154.203,7416.96,86.1328
0.0451799,0.251221,42,6.90026,164.899,17529.3,161.499
0.0602022,0.251221,44,6.48429,819.492,55542.7,183.032
0.0427694,0.16806,34,0,862.194,7823.63,86.1328
0.0125232,0.046173,43,0,121.407,6474.84,53.833
0.0194865,0.060455,54,0.912962,219.204,15292.1,64.5996
0.0219428,0.060455,43,0.416821,212.424,6533.61,86.1328
0.0143687,0.044647,33,0,95.5546,7707.52,75.3662
0.0146122,0.056885,38,0.0289126,123.347,10308.3,129.199
0.0189742,0.058411,37,0.600071,94.143,12295.2,129.199
0.0163546,0.058411,32,0,126.778,7040.31,64.5996
0.0142416,0.051971,37,0,105.826,6876.7,86.1328
0.029072,0.106598,43,2.63109,335.043,32406.7,129.199
0.0276295,0.106598,36,0,290.343,13516.5,107.666
0.0100587,0.031342,34,0,227.772,6239.84,75.3662
0.0137546,0.075806,36,0.360499,105.666,9457.38,139.966
0.0188826,0.078339,30,0.685527,109.351,9361.32,118.433
0.0177897,0.078339,29,0,96.9258,7651,86.1328
0.0926759,0.532196,36,33.8835,310.244,17278.9,183.032
0.0984024,0.532196,44,4.48195,1089.81,61134.9,86.1328
0.0356552,0.168701,41,0,1309.1,9175.6,107.666
0.0138584,0.04068,33,0,161.584,6963.55,53.833
0.0156897,0.056458,29,0.221645,112.278,9747.12,118.433
0.0184353,0.057312,32,0.383764,106.259,7156,64.5996
0.0163286,0.057312,33,0,77.325,9839.83,64.5996
0.0177015,0.083588,41,0.191367,100.895,9907.8,139.966
0.0253658,0.096497,47,1.352,329.104,33290.7,129.199
0.0204681,0.096497,45,0,343.239,6638.89,75.3662
0.0125853,0.065125,40,0,103.528,6632.72,86.1328
0.0272945,0.105896,43,2.40271,296.422,28268.4,150.732
0.138594,0.718475,39,75.626,229.205,17332.1,129.199
0.198182,0.718475,20,82.1969,2892.45,128132,64.5996
0.147361,0.510834,16,0,2611.9,13876.9,75.3662
0.131836,0.713867,31,0,1548.41,96822.6,161.499
0.12934,0.713867,39,0,827.341,28490.5,150.732
0.0237455,0.093628,32,0,746.144,8757.2,118.433
0.0246163,0.082367,41,0.172495,283.085,28541.1,107.666
0.0223405,0.082367,38,0,235.497,10453.6,107.666
0.0121399,0.044159,27,0,140.78,6536.27,75.3662
0.0241589,0.116791,51,1.78698,125.676,14050.2,129.199
0.0476451,0.206238,51,6.9075,755.191,55170.2,150.732
0.0433812,0.206238,25,0,784.456,8524.55,118.433
0.0318494,0.154175,31,0,303.295,20435.2,53.833
0.0324373,0.154175,37,0.154791,254.442,12043.9,161.499
0.0178061,0.061249,32,0,150.385,9729.13,64.5996
0.0162044,0.054504,32,0,101.236,7103.61,0
0.0284676,0.104065,47,2.24388,330.681,31849.9,118.433
0.0280046,0.104065,43,0,259.443,17975.4,107.666
0.0133541,0.035706,32,0,260.678,5860.82,0
0.0157378,0.066101,35,0.284039,82.1261,8402.33,118.433
0.0178651,0.066101,32,0.292805,100.547,13083.9,150.732
0.018548,0.059448,32,0.101852,115.52,9547.73,118.433
0.0181176,0.052002,36,0,95.7829,6604.02,53.833
0.0266898,0.09436,47,1.57326,379.11,35482.5,107.666
0.0250803,0.09436,42,0,313.244,10778.4,75.3662
0.011433,0.04068,32,0,165.252,6378.66,75.3662
0.0158342,0.05957,47,0.491556,116.616,12446.2,129.199
0.0195247,0.05957,44,0.534496,144.88,15197.2,129.199
0.0193646,0.053131,25,0,161.222,6398.28,86.1328
0.0248358,0.073944,30,0.990537,172.873,8563.55,96.8994
0.0365455,0.124603,39,2.94403,527.987,43172.2,172.266
0.0311003,0.124603,32,0,464.522,8146.02,129.199
0.0104016,0.026367,28,0,132.248,5164.52,43.0664
0.0131952,0.080719,31,0.27001,185.559,13128.7,129.199
0.0166403,0.080719,34,0.421014,147.319,7732.09,75.3662
0.0142423,0.048065,44,0,94.3492,7151.42,86.1328
0.0275015,0.210907,48,2.26709,90.7374,10095.7,139.966
0.0492302,0.210907,41,6.82919,725.864,52945.4,183.032
0.0426399,0.210266,30,0,698.541,8051.29,64.5996
0.0112206,0.049866,28,0,160.905,4531.03,21.5332
0.0108433,0.037598,31,0,91.0602,7150.81,75.3662
0.0125487,0.037598,29,0.163403,105.501,4530.94,0
0.0117333,0.036987,31,0,94.0222,8519.51,53.833
0.0756792,0.434113,39,22.8953,209.094,18030.6,172.266
0.0900982,0.434113,43,9.79084,1388.94,90158.2,183.032
0.0507187,0.189026,39,0,1428.23,9286.18,86.1328
0.0122063,0.056641,42,0,193.946,6798.02,43.0664
0.00979767,0.058746,38,0,131.824,11820.9,118.433
0.0101798,0.058746,29,0.031271,146.617,4569.6,43.0664
0.0139894,0.037659,29,0.377137,94.5178,7571.38,75.3662
0.0191854,0.06311,35,0.706047,92.0467,7897.27,118.433
0.0457014,0.183899,43,7.04733,647.675,50907.6,183.032
0.0456839,0.183899,37,0,552.966,10260.2,64.5996
0.0165409,0.061127,28,0,206.947,6289.99,75.3662
0.0125442,0.064484,27,0,114.974,10779,118.433
0.0132637,0.064484,26,0.076055,129.595,5635.52,53.833
0.0147603,0.051025,28,0.171798,112.956,7841.63,64.5996
0.0162285,0.049438,35,0.186354,84.5263,7088.38,75.3662
0.0600964,0.256866,45,13.7143,776.395,61427.2,183.032
0.0605304,0.256866,42,0.214413,558.214,16414,86.1328
0.0155323,0.045105,34,0,322.129,7487.83,96.8994
0.0195208,0.095886,35,0.572662,111.005,10463.9,118.433
0.0191407,0.095886,32,0,91.358,12091.5,86.1328
0.0120803,0.033264,27,0,143.639,6883.29,53.833
0.0129629,0.054291,31,0.0905415,65.5012,6609.31,75.3662
0.0151078,0.054291,38,0.246608,179.78,16256.2,118.433
0.0196341,0.062622,38,0.644108,175.89,9716.94,75.3662
0.0178365,0.062622,35,0,129.397,8057.58,75.3662
0.033645,0.214569,40,3.3335,111.832,12487,161.499
0.0528483,0.214569,38,6.80329,684.643,50862.9,183.032
0.0483654,0.151703,27,0,651.805,9874.14,64.5996
0.0273432,0.083832,27,0,245.298,9180.58,107.666
0.0160119,0.064514,31,0,149.61,12295.1,161.499
0.0165865,0.064514,33,0.0767242,128.748,7970.33,43.0664
0.0153218,0.063965,33,0,106.436,9643.26,64.5996
0.0428472,0.162201,29,6.55822,259.128,13042,75.3662
0.0465533,0.162201,25,1.35711,243.638,10692.1,75.3662
0.0202236,0.07605,32,0,292.646,5205.69,75.3662
0.0048807,0.017975,31,0,76.4881,3867.53,10.7666
0.00388236,0.021057,38,0,16.8871,4072.56,0
0.00583668,0.021057,44,0.0777998,48.8779,5947.13,53.833
0.0052322,0.01886,38,0,40.6863,5378.45,32.2998
0.00870274,0.03772,40,0.19809,35.3238,4848.51,10.7666
0.0143887,0.041351,30,0.537795,120.8,5934.28,53.833
0.0142476,0.041351,20,0,77.3102,4918.64,43.0664
0.0091063,0.028412,20,0,48.0727,4255.65,43.0664
0.00536453,0.015625,29,0,37.1384,4122.53,43.0664
0.00442653,0.015106,35,0,28.5572,4692.58,21.5332
0.00411703,0.010193,30,0,26.6837,3979.2,0
0.00365799,0.009491,29,0,18.5295,3849.87,0
0.00294376,0.008759,31,0,20.0566,3728.73,10.7666
0.00344129,0.010284,37,0.0130121,21.7607,3836.35,0
0.00457221,0.012543,40,0.0371205,20.8181,3982.23,53.833
0.00434386,0.012543,34,0,27.5437,3989.2,0
0.00517036,0.01889,29,0.0322089,29.3093,4038.64,10.7666
0.00638059,0.01889,29,0.0572594,38.2301,4267.59,0
0.00838067,0.025665,34,0.120929,57.7651,5803,64.5996
0.00890173,0.028168,33,0.036885,48.9586,5931.91,64.5996
0.00983179,0.03183,31,0.0713658,64.9826,6731.42,43.0664
0.01442,0.063965,34,0.455777,70.054,7559.12,53.833
0.0904054,0.394897,45,32.6255,839.493,65792.9,183.032
0.0978341,0.394897,44,5.72773,686.476,38303.5,172.266
0.039881,0.162506,32,0,933.117,5829.64,75.3662
0.0111698,0.036163,29,0,86.5762,5257.28,75.3662
0.0109962,0.036163,31,0,49.3085,6083.78,53.833
0.00833835,0.022919,32,0,68.2217,4374.75,21.5332
0.00958191,0.042938,30,0.0912792,73.9343,7317.36,64.5996
0.0140096,0.050476,32,0.427848,59.2473,6188.16,43.0664
0.012488,0.050476,43,0,157.85,12063.9,75.3662
0.0123636,0.039001,40,0,172.87,5557.42,53.833
0.0128768,0.039001,27,0.0530508,75.7441,8226.62,53.833
0.0389261,0.200958,39,5.52725,173.522,17367.3,172.266
0.0526861,0.200958,43,5.16338,670.38,44134.3,172.266
0.0376292,0.179413,33,0,670.9,7645.22,86.1328
0.0137914,0.04718,33,0,123.075,5488,53.833
0.0118982,0.046844,27,0,162.584,12076.2,75.3662
0.0133209,0.046844,24,0.146956,161.695,5396.34,75.3662
0.0136436,0.042023,29,0.0356386,66.3896,8145.52,75.3662
0.0399596,0.24411,45,5.77792,150.911,16039.6,118.433
0.0589471,0.24411,46,7.69226,832.355,59918.4,183.032
0.0454528,0.187469,34,0,820.856,8112.47,86.1328
0.013452,0.038605,44,0,133.512,6206.75,75.3662
0.0170682,0.090576,44,0.452071,197.517,15270.5,129.199
0.018072,0.090576,34,0.144478,200.619,5771.26,86.1328
0.0140512,0.044556,29,0,91.318,7555.67,75.3662
0.0164686,0.05896,30,0.302205,93.28,8087.92,139.966
0.0193339,0.05896,41,0.42019,155.537,15133.5,161.499
0.0253914,0.098938,45,1.10971,173.956,18128.2,118.433
0.0294451,0.098938,46,0.910503,190.337,26533.2,107.666
0.0432731,0.17215,49,4.11871,321.007,40450.6,161.499
0.0425291,0.17215,40,0,383.26,33095.9,139.966
0.106969,0.339722,44,39.4597,681.957,44492.1,150.732
0.159934,0.457306,47,57.903,802.641,61948.4,172.266
0.153058,0.457306,39,0,944.496,67338.6,129.199
0.110336,0.323364,39,0,788.932,40144.4,129.199
0.0623981,0.223846,39,0,665.288,23779.4,107.666
0.0291276,0.079346,43,0,257.701,18742.6,129.199
0.0273928,0.09906,37,0,162.661,14052.8,64.5996
0.0275863,0.09906,31,0.0435801,128.818,13747.8,86.1328
0.0201107,0.06601,31,0,215.396,14723.8,139.966
0.0197406,0.056793,27,0,163.229,8341.63,86.1328
0.0152519,0.053741,30,0,118.854,5338.6,53.833
0.0420268,0.361572,47,6.28176,134.677,12410.9,150.732
0.0720409,0.361572,47,14.0232,1102.22,82537.4,183.032
0.0601764,0.221588,42,0,930.733,16589,86.1328
0.0142577,0.040955,50,0,246.778,11081.6,43.0664
0.0139703,0.039795,40,0,77.2596,7087.7,53.833
0.0129663,0.039795,31,0,61.0933,5267.68,53.833
0.0113084,0.037384,34,0,61.7797,5985.93,64.5996
0.013703,0.049438,39,0.245311,58.5983,7286.65,53.833
0.0127829,0.049438,34,0,160.241,14108.5,129.199
0.0153216,0.047211,26,0.292242,148.982,7729.48,75.3662
0.0154115,0.047211,29,0.0113213,104.137,7352.08,53.833
0.0312149,0.152893,41,3.01817,131.253,13379,139.966
0.0427374,0.152893,42,3.49025,567.084,47767.1,183.032
0.0326378,0.115875,32,0,539.052,10194.6,53.833
0.0167531,0.045807,32,0,157.623,9308.98,139.966
0.0146863,0.044952,38,0,115.052,9797.38,118.433
0.0126664,0.042694,35,0,120.084,5525.1,43.0664
0.012284,0.038116,30,0,59.0809,7656.62,96.8994
0.0816038,0.619324,49,26.6579,151.77,17019.2,172.266
0.172673,0.649048,49,94.8498,2678.76,114681,129.199
0.153411,0.649048,31,0,2447.68,13401.7,118.433
0.0251218,0.073944,30,0,266.982,18870,107.666
0.023007,0.073944,48,0,207.094,14770.5,118.433
0.0181699,0.057068,47,0,139.093,14194.1,107.666
0.0191769,0.064362,38,0.154042,108.346,9645.5,53.833
0.1893,0.72168,44,145.272,3253.03,199916,172.266
0.191953,0.72168,40,4.14279,2277.35,56048.5,129.199
0.0372006,0.13205,40,0,1086.42,14426.5,107.666
0.0230532,0.080353,43,0,180.381,11403.9,118.433
0.0258794,0.080353,41,0.566456,173.947,15186.4,129.199
0.0323981,0.11322,39,1.55605,226.867,20002.4,118.433
0.0450777,0.122711,38,4.02373,319.04,35150.6,118.433
0.0447157,0.193756,37,0,330.053,18098.7,129.199
0.0689584,0.328857,41,11.2876,844.379,68215.8,183.032
0.0645149,0.328857,36,0,867.769,12563.9,118.433
0.0163979,0.047241,32,0,223.722,7529.56,107.666
0.182373,0.721527,39,135.132,271.472,27748.3,139.966
0.276045,0.721619,39,175.886,5517.85,360798,161.499
0.227362,0.721619,37,0,4605.99,66897.5,172.266
0.151721,0.425507,42,0,1137.81,122991,118.433
0.126842,0.425507,34,0,1202.52,58389.1,139.966
0.0436804,0.169922,38,0,642.646,24537.1,86.1328
0.016669,0.06897,46,0,254.351,10682.3,107.666
0.0659145,0.364777,45,16.6579,559.751,52735.5,183.032
0.0690104,0.364777,50,1.71096,524.342,45136,183.032
0.0246567,0.105103,39,0,824.98,6328.36,75.3662
0.0145039,0.073822,30,0,82.3519,6315.31,86.1328
0.0189964,0.073822,31,0.616458,213.965,14831.5,75.3662
0.0177951,0.058777,30,0,254.702,5002.41,64.5996
0.013638,0.042816,29,0,69.5638,6346.89,53.833
0.0239764,0.076324,31,1.59281,125.677,11431.4,129.199
0.0255346,0.076324,28,0.315996,156.672,9562.85,107.666
0.0174328,0.057495,26,0,140.946,7329.12,75.3662
0.0214136,0.093872,34,0.633392,88.6769,9155.66,129.199
0.0291658,0.093872,31,1.60605,226.917,18469.4,129.199
0.0244698,0.078247,24,0,242.565,7686.5,43.0664
0.0136941,0.040283,30,0,142.093,5021.77,43.0664
0.0613877,0.355469,47,14.6674,472.038,37174.9,183.032
0.0689409,0.355469,46,4.03211,559.664,47814.5,183.032
0.0344259,0.159424,31,0,829.929,7694.48,86.1328
0.0153199,0.049469,27,0,97.2554,5980.82,53.833
0.0135022,0.049469,25,0,82.5993,5912.6,21.5332
0.0209503,0.072845,28,1.05105,132.872,9311.58,75.3662
0.0203964,0.072845,33,0,111.628,6428.8,96.8994
0.0226694,0.133514,36,0.400955,329.886,23737.3,64.5996
0.0247204,0.133514,30,0.398112,328.8,6740.22,75.3662
0.0123155,0.049774,22,0,99.5807,5504.75,64.5996
0.0168807,0.134308,29,0.545941,170.448,13914,118.433
0.0689083,0.335052,43,18.2821,895.401,74697,183.032
0.0683074,0.335052,47,0,753.45,15617.9,86.1328
0.0153212,0.066498,39,0,388.378,5521.88,64.5996
0.0221868,0.112793,29,1.05479,189.384,12679.1,139.966
0.0243175,0.112793,23,0.40586,173.26,9015.17,86.1328
0.0172353,0.062897,28,0,155.505,9227.14,107.666
0.0179123,0.112732,39,0.0974714,86.5272,7520.18,129.199
0.0216686,0.112732,36,0.608974,270.888,20129.6,161.499
0.0196455,0.057312,24,0,290.126,5699.75,64.5996
0.0113951,0.039093,34,0,98.845,5699.91,10.7666
0.0200277,0.127716,44,1.11109,315.909,22061,53.833
0.0249328,0.127716,34,0.903316,286.844,18211.1,161.499
0.0174076,0.085236,27,0,199.741,6417.62,64.5996
0.0185201,0.13092,33,0.16372,158.092,12536.5,118.433
0.066158,0.327118,50,16.5228,851.726,70712,183.032
0.0657208,0.327118,48,0,710.433,18701.2,86.1328
0.0166476,0.065247,31,0,432.267,6828.92,64.5996
0.0154954,0.085052,28,0,216.034,16133.7,64.5996
0.0180688,0.085052,34,0.3538,210.005,5812.07,53.833
0.0165068,0.061981,37,0,126.564,7384.92,75.3662
